"sifra_usluge","naziv_usluge","kategorija","maloprodajna_cijena_eur","posebni_oblik_prodaje","naziv_posebnog_oblika_prodaje","sidrena_cijena_eur","datum_sidrene_cijene","jelo_dnevne_ponude","datum_dnevne_ponude","alergeni","valuta"
"slavonska-plata","Slavonska plata","HLADNA PREDJELA","15.00","NE","","15.00","2026-09-10","","","G / M","EUR"
"dalmatinska-plata","Dalmatinska plata","HLADNA PREDJELA","17.00","NE","","17.00","2026-09-10","","","G / M","EUR"
"krem-juha-od-rajcice","Krem juha od rajčice","JUHE","6.00","NE","","6.00","2026-09-10","","","M","EUR"
"krem-juha-od-celera-i-kokosa","Krem juha od celera i kokosa","JUHE","6.00","NE","","6.00","2026-09-10","","","C","EUR"
"bistra-riblja-juha","Bistra riblja juha","JUHE","5.00","NE","","5.00","2026-09-10","","","RI","EUR"
"bistra-goveda-juha","Bistra goveđa juha","JUHE","5.00","NE","","5.00","2026-09-10","","","","EUR"
"krem-juha-od-cvjetace","Krem juha od cvjetače","JUHE","6.00","NE","","6.00","2026-09-10","","","M","EUR"
"bolognese","Bolognese","TJESTENINE & RIŽOTI","13.00","NE","","13.00","2026-09-10","","","G","EUR"
"carbonara","Carbonara","TJESTENINE & RIŽOTI","13.00","NE","","13.00","2026-09-10","","","G / J / M","EUR"
"zelene-tagliatelle-s-morskim-plodovima","Zelene tagliatelle s morskim plodovima","TJESTENINE & RIŽOTI","19.00","NE","","19.00","2026-09-10","","","G / J / R / RI / ME","EUR"
"linguine-s-plodovima-mora","Linguine s plodovima mora","TJESTENINE & RIŽOTI","16.00","NE","","16.00","2026-09-10","","","G / J / R / RI / ME","EUR"
"arancini-od-crnog-rizota","Arancini od crnog rižota i sipe","ARANCINI PUTNIK","25.00","NE","","25.00","2026-09-10","","","G / J / ME","EUR"
"vege-arancini","Vege arancini","ARANCINI PUTNIK","19.00","NE","","19.00","2026-09-10","","","G / J","EUR"
"cevapi-uz-dollar-chips-i-vrhnje","Ćevapi uz dollar chips i vrhnje","GRILL & MESNA JELA","17.00","NE","","17.00","2026-09-10","","","M","EUR"
"gurmanska-pljeskavica-uz-dollar-chips-i-vrhnje","Gurmanska pljeskavica uz dollar chips i vrhnje","GRILL & MESNA JELA","18.00","NE","","18.00","2026-09-10","","","M","EUR"
"punjena-pljeskavica-uz-dollar-chips-i-vrhnje","Rolano meso u slanini uz dollar chips i vrhnje","GRILL & MESNA JELA","19.00","NE","","19.00","2026-09-10","","","M","EUR"
"dvije-kobasice-uz-krumpir-s-povrcem","Slavonska domaća roštilj kobasica uz prilog","GRILL & MESNA JELA","18.00","NE","","18.00","2026-09-10","","","","EUR"
"pileci-file-uz-dollar-chips","Pileći file uz dollar chips","GRILL & MESNA JELA","18.00","NE","","18.00","2026-09-10","","","","EUR"
"teleci-kotlet-uz-prilog","Teleći kotlet uz prilog","GRILL & MESNA JELA","21.00","NE","","21.00","2026-09-10","","","","EUR"
"ramstek-uz-krumpir-i-wok-povrce","Ramstek uz krumpir i wok povrće","GRILL & MESNA JELA","28.00","NE","","28.00","2026-09-10","","","","EUR"
"biftek-uz-krumpir-i-wok-povrce","Biftek uz krumpir i wok povrće","GRILL & MESNA JELA","35.00","NE","","35.00","2026-09-10","","","","EUR"
"dalmatinska-pasticada","Dalmatinska pašticada","DALMATINSKI SPECIJALITETI","19.00","NE","","19.00","2026-09-10","","","G / J / C / SO₂","EUR"
"pileci-becki-uz-prilog","Pileći bečki uz prilog","POHANA JELA","15.00","NE","","15.00","2026-09-10","","","G / J","EUR"
"svinjski-becki-uz-prilog","Svinjski bečki uz prilog","POHANA JELA","17.00","NE","","17.00","2026-09-10","","","G / J","EUR"
"teleci-becki-uz-prilog","Teleći bečki uz prilog","POHANA JELA","21.00","NE","","21.00","2026-09-10","","","G / J","EUR"
"pileci-punjeni-odrezak-uz-prilog","Pileći punjeni odrezak uz prilog","POHANA JELA","17.00","NE","","17.00","2026-09-10","","","G / J / M","EUR"
"lignje-na-zaru-uz-blitvu-i-krumpir","Lignje na žaru uz blitvu i krumpir","RIBA & MORSKA JELA","22.00","NE","","22.00","2026-09-10","","","ME","EUR"
"lignje-przene-s-pommesom","Lignje pržene s pommesom","RIBA & MORSKA JELA","20.00","NE","","20.00","2026-09-10","","","G / ME","EUR"
"bijela-riba-na-grillu","Bijela riba na grillu · <300 g","RIBA & MORSKA JELA","20.00","NE","","20.00","2026-09-10","","","RI","EUR"
"bijela-riba-na-grillu-medium","Bijela riba na grillu · 300–349 g","RIBA & MORSKA JELA","21.00","NE","","21.00","2026-09-10","","","RI","EUR"
"bijela-riba-na-grillu-large","Bijela riba na grillu · ≥350 g","RIBA & MORSKA JELA","22.00","NE","","22.00","2026-09-10","","","RI","EUR"
"losos-na-zaru-uz-blitvu-i-krumpir","Losos na žaru uz dollar chips i grill povrće","RIBA & MORSKA JELA","22.00","NE","","22.00","2026-09-10","","","RI","EUR"
"tuna-steak-na-zaru-uz-blitvu-i-krumpir","Tuna steak na žaru uz blitvu i krumpir","RIBA & MORSKA JELA","22.00","NE","","22.00","2026-09-10","","","RI","EUR"
"dagnje-na-buzaru","Dagnje na tradicionalnu buzaru 0,5 kg","RIBA & MORSKA JELA","16.00","NE","","16.00","2026-09-10","","","ME / G / SO₂","EUR"
"pasta-napolitano","Pasta Napolitano","VEGETARIJANSKO & VEGANSKO","10.00","NE","","10.00","2026-09-10","","","G","EUR"
"aglio-olio","Aglio & Olio","VEGETARIJANSKO & VEGANSKO","12.00","NE","","12.00","2026-09-10","","","G","EUR"
"steak-od-karfiola","Steak od karfiola","VEGETARIJANSKO & VEGANSKO","15.00","NE","","15.00","2026-09-10","","","","EUR"
"tofu-steak","Tofu steak","VEGETARIJANSKO & VEGANSKO","16.00","NE","","16.00","2026-09-10","","","S","EUR"
"vege-salata","Vege salata","VEGETARIJANSKO & VEGANSKO","18.00","NE","","18.00","2026-09-10","","","S","EUR"
"pileci-nuggets-pommes","Pileći nuggets + pommes","DJEČJI MENI","10.00","NE","","10.00","2026-09-10","","","G / J","EUR"
"mali-bolognese","Mali bolognese","DJEČJI MENI","10.00","NE","","10.00","2026-09-10","","","G","EUR"
"mali-cevapi-uz-dollar-chips-i-vrhnje","Mali ćevapi uz dollar chips i vrhnje","DJEČJI MENI","10.00","NE","","10.00","2026-09-10","","","M","EUR"
"salata-od-tunjevine","Salata od tunjevine","SALATE KAO OBROK","19.00","NE","","19.00","2026-09-10","","","G / RI","EUR"
"slavonska-salata","Slavonska salata","SALATE KAO OBROK","18.00","NE","","18.00","2026-09-10","","","G","EUR"
"salata-piletina","Salata piletina","SALATE KAO OBROK","14.00","NE","","14.00","2026-09-10","","","G / J / RI / M","EUR"
"sezonska-salata-mix","Sezonska salata mix","SALATE","5.00","NE","","5.00","2026-09-10","","","","EUR"
"kupus-salata","Kupus salata","SALATE","5.00","NE","","5.00","2026-09-10","","","","EUR"
"krastavci-u-vrhnju","Krastavci u vrhnju","SALATE","5.00","NE","","5.00","2026-09-10","","","M","EUR"
"cikla-karamelizirani-luk","Cikla","SALATE","5.00","NE","","5.00","2026-09-10","","","","EUR"
"grcka-salata","Grčka salata","SALATE","9.00","NE","","9.00","2026-09-10","","","M","EUR"
"palacinke-dzem-linolada","Palačinke","DESERTI","6.00","NE","","6.00","2026-09-10","","","G / J / M / O / S","EUR"
"palacinke-sa-sladoledom","Palačinke sa sladoledom","DESERTI","8.00","NE","","8.00","2026-09-10","","","G / J / M","EUR"
"lava-cake-sa-sladoledom","Lava cake sa sladoledom","DESERTI","8.00","NE","","8.00","2026-09-10","","","G / J / M","EUR"
"hobotnica-ispod-peke-uz-prilog","Hobotnica ispod peke uz prilog","PEKA","60.00","NE","","60.00","2026-09-10","","","ME","EUR"
"peka-mix","Peka mix","PEKA","60.00","NE","","60.00","2026-09-10","","","","EUR"
"espresso","Espresso","KAVE & TOPLI NAPITCI","2.00","NE","","2.00","2026-09-10","","","","EUR"
"kava-s-mlijekom-slagom","Kava s mlijekom / šlagom","KAVE & TOPLI NAPITCI","2.40","NE","","2.40","2026-09-10","","","M","EUR"
"cappuccino","Cappuccino","KAVE & TOPLI NAPITCI","2.80","NE","","2.80","2026-09-10","","","M","EUR"
"bijela-kava","Bijela kava","KAVE & TOPLI NAPITCI","3.20","NE","","3.20","2026-09-10","","","M","EUR"
"latte-macchiato","Latte macchiato","KAVE & TOPLI NAPITCI","3.20","NE","","3.20","2026-09-10","","","M","EUR"
"nescafe","Nescafé","KAVE & TOPLI NAPITCI","3.00","NE","","3.00","2026-09-10","","","","EUR"
"caj","Čaj","KAVE & TOPLI NAPITCI","2.00","NE","","2.00","2026-09-10","","","","EUR"
"instant-cappuccino","Instant cappuccino","KAVE & TOPLI NAPITCI","3.00","NE","","3.00","2026-09-10","","","M","EUR"
"ice-latte","Ice latte","KAVE & TOPLI NAPITCI","3.30","NE","","3.30","2026-09-10","","","M","EUR"
"ice-latte-matcha","Ice latte matcha","KAVE & TOPLI NAPITCI","5.00","NE","","5.00","2026-09-10","","","M","EUR"
"ice-latte-matcha-s-okusom","Ice latte matcha s okusom","KAVE & TOPLI NAPITCI","6.00","NE","","6.00","2026-09-10","","","M","EUR"
"espresso-tonic","Espresso tonic","KAVE & TOPLI NAPITCI","4.00","NE","","4.00","2026-09-10","","","","EUR"
"affogato","Affogato","KAVE & TOPLI NAPITCI","6.50","NE","","6.50","2026-09-10","","","M","EUR"
"irish-baileys-coffee","Irish / Baileys coffee","KAVE & TOPLI NAPITCI","9.00","NE","","9.00","2026-09-10","","","M","EUR"
"ice-coffee","Ice coffee","KAVE & TOPLI NAPITCI","8.00","NE","","8.00","2026-09-10","","","M","EUR"
"romerquelle-negazirana-033","Römerquelle negazirana 0,33 l","VODE","3.00","NE","","3.00","2026-09-10","","","","EUR"
"romerquelle-gazirana-033","Römerquelle gazirana 0,33 l","VODE","3.00","NE","","3.00","2026-09-10","","","","EUR"
"romerquelle-negazirana-075","Römerquelle negazirana 0,75 l","VODE","5.00","NE","","5.00","2026-09-10","","","","EUR"
"romerquelle-gazirana-075","Römerquelle gazirana 0,75 l","VODE","5.00","NE","","5.00","2026-09-10","","","","EUR"
"romerquelle-limunska-trava","Römerquelle limunska trava","VODE","3.20","NE","","3.20","2026-09-10","","","","EUR"
"coca-cola-025","Coca-Cola 0,25 l","BEZALKOHOLNA PIĆA","4.00","NE","","4.00","2026-09-10","","","","EUR"
"coca-cola-zero-025","Coca-Cola Zero 0,25 l","BEZALKOHOLNA PIĆA","4.00","NE","","4.00","2026-09-10","","","","EUR"
"fanta-025","Fanta 0,25 l","BEZALKOHOLNA PIĆA","4.00","NE","","4.00","2026-09-10","","","","EUR"
"fanta-lemon-025","Fanta Lemon 0,25 l","BEZALKOHOLNA PIĆA","4.00","NE","","4.00","2026-09-10","","","","EUR"
"sprite-025","Sprite 0,25 l","BEZALKOHOLNA PIĆA","4.00","NE","","4.00","2026-09-10","","","","EUR"
"schweppes-tonic-025","Schweppes Tonic 0,25 l","BEZALKOHOLNA PIĆA","4.00","NE","","4.00","2026-09-10","","","","EUR"
"schweppes-bitter-lemon-025","Schweppes Bitter Lemon 0,25 l","BEZALKOHOLNA PIĆA","4.00","NE","","4.00","2026-09-10","","","","EUR"
"schweppes-tangerina-025","Schweppes Tangerina 0,25 l","BEZALKOHOLNA PIĆA","4.00","NE","","4.00","2026-09-10","","","","EUR"
"schweppes-cherry-025","Schweppes Cherry 0,25 l","BEZALKOHOLNA PIĆA","4.00","NE","","4.00","2026-09-10","","","","EUR"
"thomas-henry-spicy-ginger-beer-020","Thomas Henry Spicy Ginger Beer 0,20 l","BEZALKOHOLNA PIĆA","5.00","NE","","5.00","2026-09-10","","","","EUR"
"cedevita-limun","Cedevita limun","SOKOVI I LEDENI ČAJEVI","5.00","NE","","5.00","2026-09-10","","","","EUR"
"cedevita-naranca","Cedevita naranča","SOKOVI I LEDENI ČAJEVI","5.00","NE","","5.00","2026-09-10","","","","EUR"
"limunada","Limunada","SOKOVI I LEDENI ČAJEVI","5.00","NE","","5.00","2026-09-10","","","","EUR"
"narancada","Narančada","SOKOVI I LEDENI ČAJEVI","5.00","NE","","5.00","2026-09-10","","","","EUR"
"hidra-limun-050","Hidra ISO limun 0,50 l","SOKOVI I LEDENI ČAJEVI","5.00","NE","","5.00","2026-09-10","","","","EUR"
"hidra-naranca-050","Hidra ISO naranča 0,50 l","SOKOVI I LEDENI ČAJEVI","5.00","NE","","5.00","2026-09-10","","","","EUR"
"ledeni-caj-breskva","Ledeni čaj breskva","SOKOVI I LEDENI ČAJEVI","4.00","NE","","4.00","2026-09-10","","","","EUR"
"ledeni-caj-sumsko-voce","Ledeni čaj šumsko voće","SOKOVI I LEDENI ČAJEVI","4.00","NE","","4.00","2026-09-10","","","","EUR"
"somersby-00-jagoda-limeta","Somersby 0.0 jagoda-limeta","SOKOVI I LEDENI ČAJEVI","5.00","NE","","5.00","2026-09-10","","","","EUR"
"pago-jabuka-020","Pago jabuka 0,20 l","SOKOVI I LEDENI ČAJEVI","4.00","NE","","4.00","2026-09-10","","","","EUR"
"pago-naranca-020","Pago naranča 0,20 l","SOKOVI I LEDENI ČAJEVI","4.00","NE","","4.00","2026-09-10","","","","EUR"
"pago-visnja-020","Pago višnja 0,20 l","SOKOVI I LEDENI ČAJEVI","4.00","NE","","4.00","2026-09-10","","","","EUR"
"pago-marelica-020","Pago marelica 0,20 l","SOKOVI I LEDENI ČAJEVI","4.00","NE","","4.00","2026-09-10","","","","EUR"
"pago-ananas-020","Pago ananas 0,20 l","SOKOVI I LEDENI ČAJEVI","4.00","NE","","4.00","2026-09-10","","","","EUR"
"pago-crni-ribiz-020","Pago crni ribiz 0,20 l","SOKOVI I LEDENI ČAJEVI","4.00","NE","","4.00","2026-09-10","","","","EUR"
"pan-toceni-030","Pan točeni 0,30 l","PIVA I CIDER","3.00","NE","","3.00","2026-09-10","","","G","EUR"
"pan-toceni-050","Pan točeni 0,50 l","PIVA I CIDER","4.50","NE","","4.50","2026-09-10","","","G","EUR"
"pan-zlatni-033","Pan zlatni 0,33 l","PIVA I CIDER","4.50","NE","","4.50","2026-09-10","","","G","EUR"
"carlsberg-033","Carlsberg 0,33 l","PIVA I CIDER","5.00","NE","","5.00","2026-09-10","","","G","EUR"
"tuborg-033","Tuborg 0,33 l","PIVA I CIDER","4.50","NE","","4.50","2026-09-10","","","G","EUR"
"pan-radler-050","Pan Radler 0,50 l","PIVA I CIDER","4.50","NE","","4.50","2026-09-10","","","G","EUR"
"pan-bezalkoholni-033","Pan bezalkoholni 0,33 l","PIVA I CIDER","4.50","NE","","4.50","2026-09-10","","","G","EUR"
"budweiser-dark-050","Budweiser Dark 0,50 l","PIVA I CIDER","5.00","NE","","5.00","2026-09-10","","","G","EUR"
"somersby-jabuka","Somersby jabuka","PIVA I CIDER","5.00","NE","","5.00","2026-09-10","","","","EUR"
"somersby-kruska","Somersby kruška","PIVA I CIDER","5.00","NE","","5.00","2026-09-10","","","","EUR"
"radla-030","Radla 0,30 l","MIX PIĆA","3.00","NE","","3.00","2026-09-10","","","G","EUR"
"radla-050","Radla 0,50 l","MIX PIĆA","4.50","NE","","4.50","2026-09-10","","","G","EUR"
"mis-mas-030","Miš-maš 0,30 l","MIX PIĆA","4.00","NE","","4.00","2026-09-10","","","SO₂","EUR"
"mis-mas-050","Miš-maš 0,50 l","MIX PIĆA","6.00","NE","","6.00","2026-09-10","","","SO₂","EUR"
"gemist-020","Gemišt 0,20 l","MIX PIĆA","3.20","NE","","3.20","2026-09-10","","","SO₂","EUR"
"bambus-030","Bambus 0,30 l","MIX PIĆA","4.00","NE","","4.00","2026-09-10","","","SO₂","EUR"
"bambus-050","Bambus 0,50 l","MIX PIĆA","6.00","NE","","6.00","2026-09-10","","","SO₂","EUR"
"turska-kola","Turska kola","MIX PIĆA","5.00","NE","","5.00","2026-09-10","","","","EUR"
"malvazija-1dcl","Malvazija 1 dcl","VINA NA ČAŠE","2.20","NE","","2.20","2026-09-10","","","SO₂","EUR"
"peljesac-1dcl","Pelješac 1 dcl","VINA NA ČAŠE","2.20","NE","","2.20","2026-09-10","","","SO₂","EUR"
"rose-benkovac-1dcl","Rosé Benkovac 1 dcl","VINA NA ČAŠE","2.20","NE","","2.20","2026-09-10","","","SO₂","EUR"
"zlatan-plavac-1dcl","Zlatan Plavac 1 dcl","VINA NA ČAŠE","5.00","NE","","5.00","2026-09-10","","","SO₂","EUR"
"zlatan-posip-1dcl","Zlatan Pošip 1 dcl","VINA NA ČAŠE","5.00","NE","","5.00","2026-09-10","","","SO₂","EUR"
"galic-rose-1dcl","Galić Rosé 1 dcl","VINA NA ČAŠE","5.00","NE","","5.00","2026-09-10","","","SO₂","EUR"
"dalmatinski-prosek-1dcl","Dalmatinski prošek 1 dcl","VINA NA ČAŠE","5.00","NE","","5.00","2026-09-10","","","SO₂","EUR"
"muskat-bric-1dcl","Muškat BRIČ 1 dcl","VINA NA ČAŠE","5.00","NE","","5.00","2026-09-10","","","SO₂","EUR"
"zlatan-posip-075","Zlatan Pošip 0,75 l","VINA VRHUNSKA","32.00","NE","","32.00","2026-09-10","","","SO₂","EUR"
"galic-sauvignon-blanc-075","Galić Sauvignon Blanc 0,75 l","VINA VRHUNSKA","35.00","NE","","35.00","2026-09-10","","","SO₂","EUR"
"muskat-bric-075","Muškat BRIČ 0,75 l","VINA VRHUNSKA","35.00","NE","","35.00","2026-09-10","","","SO₂","EUR"
"korta-katarina-rose-075","Korta Katarina Rosé 0,75 l","VINA VRHUNSKA","40.00","NE","","40.00","2026-09-10","","","SO₂","EUR"
"zlatan-plavac-075","Zlatan Plavac 0,75 l","VINA VRHUNSKA","35.00","NE","","35.00","2026-09-10","","","SO₂","EUR"
"zlatan-crljenak-075","Zlatan Crljenak 0,75 l","VINA VRHUNSKA","40.00","NE","","40.00","2026-09-10","","","SO₂","EUR"
"prosecco-1dcl","Prosecco 1 dcl","PJENUŠCI","7.00","NE","","7.00","2026-09-10","","","SO₂","EUR"
"prosecco-075","Prosecco 0,75 l","PJENUŠCI","40.00","NE","","40.00","2026-09-10","","","SO₂","EUR"
"pelinkovac-dalmacija","Pelinkovac Dalmacija","APERITIVI, RAKIJE I LIKERI","4.00","NE","","4.00","2026-09-10","","","","EUR"
"pelinkovac-antik","Pelinkovac Antique","APERITIVI, RAKIJE I LIKERI","5.50","NE","","5.50","2026-09-10","","","","EUR"
"sibenska-travarica","Šibenska travarica","APERITIVI, RAKIJE I LIKERI","4.00","NE","","4.00","2026-09-10","","","","EUR"
"williams-viljamovka","Williams viljamovka","APERITIVI, RAKIJE I LIKERI","6.00","NE","","6.00","2026-09-10","","","","EUR"
"maraska-visnjevac","Maraska višnjevac","APERITIVI, RAKIJE I LIKERI","4.00","NE","","4.00","2026-09-10","","","","EUR"
"maraska-orahovac","Maraska orahovac","APERITIVI, RAKIJE I LIKERI","4.00","NE","","4.00","2026-09-10","","","","EUR"
"teranino-korlat","Teranino Korlat","APERITIVI, RAKIJE I LIKERI","5.50","NE","","5.50","2026-09-10","","","","EUR"
"dalmatinski-prosek","Dalmatinski prošek","APERITIVI, RAKIJE I LIKERI","6.00","NE","","6.00","2026-09-10","","","SO₂","EUR"
"jagermeister","Jägermeister","APERITIVI, RAKIJE I LIKERI","5.00","NE","","5.00","2026-09-10","","","","EUR"
"limoncello","Limoncello","APERITIVI, RAKIJE I LIKERI","5.00","NE","","5.00","2026-09-10","","","","EUR"
"baileys","Baileys","APERITIVI, RAKIJE I LIKERI","6.00","NE","","6.00","2026-09-10","","","M","EUR"
"aperol","Aperol","APERITIVI, RAKIJE I LIKERI","5.00","NE","","5.00","2026-09-10","","","","EUR"
"campari","Campari","APERITIVI, RAKIJE I LIKERI","5.00","NE","","5.00","2026-09-10","","","","EUR"
"martini-bianco","Martini Bianco","APERITIVI, RAKIJE I LIKERI","6.00","NE","","6.00","2026-09-10","","","SO₂","EUR"
"martini-rosso","Martini Rosso","APERITIVI, RAKIJE I LIKERI","6.00","NE","","6.00","2026-09-10","","","SO₂","EUR"
"jameson","Jameson","WHISKEY, COGNAC I OSTALA ŽESTOKA PIĆA","5.00","NE","","5.00","2026-09-10","","","","EUR"
"jim-beam","Jim Beam","WHISKEY, COGNAC I OSTALA ŽESTOKA PIĆA","5.00","NE","","5.00","2026-09-10","","","","EUR"
"hennessy","Hennessy","WHISKEY, COGNAC I OSTALA ŽESTOKA PIĆA","8.00","NE","","8.00","2026-09-10","","","","EUR"
"smirnoff-vodka","Smirnoff Vodka","WHISKEY, COGNAC I OSTALA ŽESTOKA PIĆA","5.00","NE","","5.00","2026-09-10","","","","EUR"
"sierra-tequila","Sierra Tequila","WHISKEY, COGNAC I OSTALA ŽESTOKA PIĆA","5.00","NE","","5.00","2026-09-10","","","","EUR"
"bacardi-white","Bacardi White","WHISKEY, COGNAC I OSTALA ŽESTOKA PIĆA","5.00","NE","","5.00","2026-09-10","","","","EUR"
"bacardi-black","Bacardi Black","WHISKEY, COGNAC I OSTALA ŽESTOKA PIĆA","5.00","NE","","5.00","2026-09-10","","","","EUR"
"malibu","Malibu","WHISKEY, COGNAC I OSTALA ŽESTOKA PIĆA","6.00","NE","","6.00","2026-09-10","","","","EUR"
"sax-gin","SAX Gin","GIN","4.00","NE","","4.00","2026-09-10","","","","EUR"
"bulldog-gin","Bulldog Gin","GIN","5.50","NE","","5.50","2026-09-10","","","","EUR"
"hendricks-gin","Hendrick’s Gin","GIN","7.00","NE","","7.00","2026-09-10","","","","EUR"
"aperol-spritz","Aperol Spritz","KOKTELI","11.00","NE","","11.00","2026-09-10","","","SO₂","EUR"
"hugo","Hugo","KOKTELI","12.00","NE","","12.00","2026-09-10","","","SO₂","EUR"
"mojito","Mojito","KOKTELI","13.00","NE","","13.00","2026-09-10","","","","EUR"
"gin-tonic","Gin Tonic","KOKTELI","10.00","NE","","10.00","2026-09-10","","","","EUR"
"cuba-libre","Cuba Libre","KOKTELI","11.00","NE","","11.00","2026-09-10","","","","EUR"
"moscow-mule","Moscow Mule","KOKTELI","15.00","NE","","15.00","2026-09-10","","","","EUR"
"espresso-martini","Espresso Martini","KOKTELI","12.00","NE","","12.00","2026-09-10","","","","EUR"
"negroni","Negroni","KOKTELI","15.00","NE","","15.00","2026-09-10","","","SO₂","EUR"
"mojito-strawberry-passion","Mojito Strawberry / Passion","KOKTELI","15.00","NE","","15.00","2026-09-10","","","","EUR"
"limoncello-spritz","Limoncello Spritz","KOKTELI","11.00","NE","","11.00","2026-09-10","","","SO₂","EUR"
"london-mule","London Mule","KOKTELI","15.00","NE","","15.00","2026-09-10","","","","EUR"
"my-favourite-spritz","My Favourite Spritz","KOKTELI","14.00","NE","","14.00","2026-09-10","","","SO₂","EUR"
"breakfast-buffet","Doručak buffet · po osobi","Doručak","10.00","NE","","10.00","2026-09-10","","","","EUR"
"marenda:musaka","Musaka","Marenda","10.00","NE","","11.00","2026-09-10","Musaka","2026-09-27","J / M","EUR"
"marenda:gurmanska-pljeskavica","Gurmanska pljeskavica","Marenda","13.00","NE","","13.00","2026-09-10","Gurmanska pljeskavica","2026-09-27","M","EUR"
